Title,Link
Link: https://caitlinv3.com/
Link: https://caitlinv3.com/
Link: https://caitlinv3.com/category/lists/
Link: https://caitlinv3.com/favorite-security-resources/
Link: https://caitlinv3.com/security-books/
Link: https://caitlinv3.com/podcast-favorites/
Link: https://caitlinv3.com/52-books-read-in-2019/
Link: https://caitlinv3.com/acrylic-cpu-block-list/
Link: https://caitlinv3.com/categories/
Link: https://caitlinv3.com/category/general-tech/
Link: https://caitlinv3.com/category/pc-hardware/
Link: https://caitlinv3.com/category/pc-builds/
Link: https://caitlinv3.com/category/pc-hardware/coolers/
Link: https://caitlinv3.com/category/pc-hardware/cpus/
Link: https://caitlinv3.com/category/pc-hardware/graphics-cards/
Link: https://caitlinv3.com/category/pc-hardware/monitors/
Link: https://caitlinv3.com/category/pc-hardware/motherboards/
Link: https://caitlinv3.com/category/pc-hardware/pc-cases/
Link: https://caitlinv3.com/category/psu/
Link: https://caitlinv3.com/category/pc-hardware/watercooling/
Link: https://caitlinv3.com/category/diy/
Link: https://caitlinv3.com/category/securityit/
Link: https://caitlinv3.com/category/pc-hardware/peripherals/
Link: https://caitlinv3.com/category/games/
Link: https://caitlinv3.com/category/books/
Link: https://caitlinv3.com/archives/
Link: https://caitlinv3.com/category/january-2020/
Link: https://caitlinv3.com/category/2019/
Link: https://caitlinv3.com/category/december-2019/
Link: https://caitlinv3.com/category/april-2019/
Link: https://caitlinv3.com/category/february-2019/
Link: https://caitlinv3.com/category/january-2019/
Link: https://caitlinv3.com/category/2018/
Link: https://caitlinv3.com/category/august-2018/
Link: https://caitlinv3.com/category/march-2018/
Link: https://caitlinv3.com/category/february-2018/
Link: https://caitlinv3.com/category/january-2018/
Link: https://caitlinv3.com/category/2017/
Link: https://caitlinv3.com/category/december-2017/
Link: https://caitlinv3.com/category/november-2017/
Link: https://caitlinv3.com/category/october-2017/
Link: https://caitlinv3.com/category/august-2017/
Link: https://caitlinv3.com/category/may-2017/
Link: https://caitlinv3.com/category/april-2017/
Link: https://caitlinv3.com/category/march-2017/
Link: https://twitter.com/caitlin_v3
Link: https://instagram.com/caitlinv3
Link: https://youtube.com/c/caitlinv3
Link: https://goodreads.com/caitlinv3
Link: https://twitch.tv/caitlinv3
Link: mailto:info@caitlinv3.com
Link: https://caitlinv3.com/podcast-favorites/
Link: https://caitlinv3.com/52-books-read-in-2019/
Link: https://caitlinv3.com/acrylic-cpu-block-list/
Link: https://caitlinv3.com/pfsense-router-from-old-gaming-pc/
Link: https://caitlinv3.com/category/pc-hardware/
Link: https://caitlinv3.com/category/securityit/
Link: https://caitlinv3.com/category/books/
Link: https://caitlinv3.com/author/admin/
Link: https://caitlinv3.com/category/uncategorized/
Link: https://caitlinv3.com/2021-2/
Link: https://www.facebook.com/sharer.php?u=https://caitlinv3.com/2021-2/
Link: https://twitter.com/share?url=https://caitlinv3.com/2021-2/&text=2021&via=caitlin_v3
Link: https://caitlinv3.com/2021-2/#respond
Link: https://caitlinv3.com/author/admin/
Link: https://caitlinv3.com/category/books/
Link: https://caitlinv3.com/security-books/
Link: https://amzn.to/2KiFkkQ
Link: https://amzn.to/2Xaoiug
Link: https://amzn.to/2X8z4kW
Link: https://amzn.to/2Xc3fHI
Link: https://amzn.to/2CMhn0V
Link: https://www.facebook.com/sharer.php?u=https://caitlinv3.com/security-books/
Link: https://twitter.com/share?url=https://caitlinv3.com/security-books/&text=Security+Books&via=caitlin_v3
Link: https://caitlinv3.com/security-books/#respond
Link: https://caitlinv3.com/author/admin/
Link: https://caitlinv3.com/category/january-2020/
Link: https://caitlinv3.com/favorite-security-resources/
Link: https://www.darkreading.com/
Link: https://www.bleepingcomputer.com/
Link: https://threatpost.com/
Link: https://www.troyhunt.com/
Link: https://thehackernews.com/
Link: https://www.securityweek.com/
Link: https://www.schneier.com/
Link: https://nakedsecurity.sophos.com/
Link: https://blog.malwarebytes.com/
Link: https://krebsonsecurity.com/
Link: https://www.welivesecurity.com/
Link: https://securityboulevard.com/
Link: https://www.reddit.com/r/netsec/
Link: https://www.reddit.com/r/cybersecurity/
Link: https://www.reddit.com/r/AskNetsec/
Link: https://twitter.com/NahamSec
Link: https://twitter.com/gynvael
Link: https://twitter.com/TinkerSec
Link: https://twitter.com/bad_packets
Link: https://twitter.com/LiveOverflow
Link: https://twitter.com/campuscodi
Link: https://twitter.com/binitamshah
Link: https://twitter.com/tiraniddo
Link: https://twitter.com/thegrugq
Link: https://twitter.com/RobertMLee
Link: https://twitter.com/briankrebs
Link: https://twitter.com/jaysonstreet
Link: https://twitter.com/hacks4pancakes
Link: https://twitter.com/troyhunt
Link: https://twitter.com/evacide
Link: https://twitter.com/k8em0
Link: https://twitter.com/MalwareTechBlog
Link: https://twitter.com/HackingDave
Link: https://twitter.com/SwiftOnSecurity
Link: https://www.youtube.com/LiveOverflowCTF
Link: https://www.youtube.com/user/RootOfTheNull
Link: https://www.youtube.com/user/NetworkChuck
Link: https://www.youtube.com/hackersploit
Link: https://www.facebook.com/sharer.php?u=https://caitlinv3.com/favorite-security-resources/
Link: https://twitter.com/share?url=https://caitlinv3.com/favorite-security-resources/&text=Favorite+Security+Resources&via=caitlin_v3
Link: https://caitlinv3.com/favorite-security-resources/#comments
Link: https://caitlinv3.com/author/admin/
Link: https://caitlinv3.com/category/january-2020/
Link: https://caitlinv3.com/podcast-favorites/
Link: https://a16z.com/podcasts/
Link: https://gimletmedia.com/shows/reply-all
Link: https://pcper.com/category/podcast-article/
Link: https://lexfridman.com/ai/
Link: https://www.cigionline.org/big-tech
Link: https://podcasts.voxmedia.com/show/pivot
Link: https://itcareerenergizer.com/
Link: https://packetpushers.net/series/weekly-show/
Link: https://www.vice.com/en_us/topic/cyber
Link: https://www.hak5.org/category/episodes/threatwire
Link: https://darknetdiaries.com/
Link: https://www.npr.org/podcasts/510289/planet-money
Link: https://www.npr.org/podcasts/381444600/marketplace
Link: https://www.nytimes.com/column/the-daily
Link: http://freakonomics.com/archive/
Link: https://gimletmedia.com/shows/startup
Link: https://www.startalkradio.net/
Link: https://www.preposterousuniverse.com/podcast/
Link: https://tim.blog/podcast/
Link: http://podcasts.joerogan.net/
Link: https://www.thatcreative.life/
Link: https://www.akimbo.link/
Link: https://samharris.org/podcast/
Link: https://fs.blog/the-knowledge-project/
Link: https://www.thisamericanlife.org/
Link: https://www.theringer.com/the-bill-simmons-podcast
Link: https://www.facebook.com/sharer.php?u=https://caitlinv3.com/podcast-favorites/
Link: https://twitter.com/share?url=https://caitlinv3.com/podcast-favorites/&text=Podcast+Favorites&via=caitlin_v3
Link: https://caitlinv3.com/podcast-favorites/#comments
Link: https://caitlinv3.com/author/admin/
Link: https://caitlinv3.com/category/books/
Link: https://caitlinv3.com/52-books-read-in-2019/
Link: https://amzn.to/39FPFCh
Link: https://amzn.to/2uly2HW
Link: https://amzn.to/2ZUSF9n
Link: https://amzn.to/2ST7AzC
Link: https://amzn.to/35tCIs2
Link: https://amzn.to/2tAk700
Link: https://amzn.to/302XLkl
Link: https://amzn.to/37HtTw7
Link: https://amzn.to/2ujbdo9
Link: https://amzn.to/39INcHu
Link: https://amzn.to/2MVZdzB
Link: https://amzn.to/35nQLQ0
Link: https://amzn.to/2ZX4RH0
Link: https://amzn.to/2tviFw3
Link: https://amzn.to/2MY9lI9
Link: https://amzn.to/35jPuta
Link: https://amzn.to/39AXAB3
Link: https://amzn.to/2s1Eyms
Link: https://amzn.to/37DMObe
Link: https://amzn.to/2QMjCrU
Link: https://amzn.to/2Fm0bkf
Link: https://amzn.to/2ZPCxGq
Link: https://amzn.to/37BOmm5
Link: https://amzn.to/37AFP2S
Link: https://amzn.to/2QqZPze
Link: https://amzn.to/2FkM6n5
Link: https://amzn.to/37CTkir
Link: https://amzn.to/2QHbSHq
Link: https://amzn.to/2tAfcfz
Link: https://amzn.to/2MWWiGM
Link: https://amzn.to/37AQYAL
Link: https://amzn.to/35m1pXf
Link: https://amzn.to/2ZPDdeW
Link: https://amzn.to/2tzRe4s
Link: https://amzn.to/2SW6B1I
Link: https://amzn.to/37CTQNp
Link: https://amzn.to/2s0tzcU
Link: https://amzn.to/37AIKbO
Link: https://amzn.to/2typ3m8
Link: https://amzn.to/37DZNK5
Link: https://amzn.to/2QJ2Fi0
Link: https://amzn.to/2Qresmg
Link: https://amzn.to/37yYTyk
Link: https://amzn.to/39Ho0B6
Link: https://amzn.to/35wocA0
Link: https://amzn.to/2ZQ0QnC
Link: https://amzn.to/2QP3fut
Link: https://amzn.to/37Eyy28
Link: https://amzn.to/2tAgE1v
Link: https://amzn.to/2Qr7Hks
Link: https://www.facebook.com/sharer.php?u=https://caitlinv3.com/52-books-read-in-2019/
Link: https://twitter.com/share?url=https://caitlinv3.com/52-books-read-in-2019/&text=52+Books+Read+in+2019&via=caitlin_v3
Link: https://caitlinv3.com/52-books-read-in-2019/#comments
Link: https://caitlinv3.com/author/admin/
Link: https://caitlinv3.com/category/daily/
Link: https://caitlinv3.com/12-4-19/
Link: https://www.facebook.com/sharer.php?u=https://caitlinv3.com/12-4-19/
Link: https://twitter.com/share?url=https://caitlinv3.com/12-4-19/&text=12%2F4%2F19&via=caitlin_v3
Link: https://caitlinv3.com/12-4-19/#respond
Link: https://caitlinv3.com/author/admin/
Link: https://caitlinv3.com/category/lists/
Link: https://caitlinv3.com/acrylic-cpu-block-list/
Link: https://optimuspc.com/collections/waterblocks/products/foundation-cpu-block-intel?variant=16106225074225
Link: https://amzn.to/38eCgRd
Link: https://amzn.to/36aJ4gJ
Link: https://amzn.to/2Yn4bd0
Link: https://amzn.to/2RsCzBY
Link: https://amzn.to/2r9LLjX
Link: https://amzn.to/2OXftS5
Link: https://amzn.to/33WU2EU
Link: https://amzn.to/2rk13Cw
Link: http://www.swiftech.com/ApogeeXL2.aspx
Link: https://amzn.to/38dElwF
Link: https://amzn.to/2YnWCmp
Link: https://amzn.to/2LxmTto
Link: https://amzn.to/2RqzAtF
Link: https://amzn.to/2sTbDB1
Link: https://www.aliexpress.com/item/32870318813.html
Link: https://amzn.to/2PjjVtA
Link: https://www.frozencpu.com/products/20904/ex-blc-1503/Phobya_UC-2_Intel_LT_CPU_Liquid_Cooling_Block_-_Clear_Acrylic_Nickel_Plated_Edition_-_Intel_10460.html?tl=g30c85s139
Link: https://amzn.to/2roUfUa
Link: https://amzn.to/2PgO4cS
Link: https://www.facebook.com/sharer.php?u=https://caitlinv3.com/acrylic-cpu-block-list/
Link: https://twitter.com/share?url=https://caitlinv3.com/acrylic-cpu-block-list/&text=Acrylic+CPU+Block+List&via=caitlin_v3
Link: https://caitlinv3.com/acrylic-cpu-block-list/#respond
Link: https://caitlinv3.com/page/2/
Link: https://caitlinv3.com/page/2/
Link: https://caitlinv3.com/page/3/
Link: https://caitlinv3.com/page/4/
Link: https://caitlinv3.com/page/5/
Link: https://caitlinv3.com/page/6/
Link: https://caitlinv3.com/page/8/
Link: https://caitlinv3.com/page/2/
Link: https://twitter.com/caitlin_v3
Link: https://instagram.com/caitlinv3
Link: https://youtube.com/c/caitlinv3
Link: https://goodreads.com/caitlinv3
Link: https://twitch.tv/caitlinv3
Link: mailto:caitlinvthree@gmail.com
Link: #top
Link: https://twitter.com/caitlin_v3
Link: https://instagram.com/caitlinv3
Link: https://youtube.com/c/caitlinv3
Link: https://caitlinv3.com/
Link: https://www.pipdig.co/
Link: javascript:void(0)
"Meta Tag: <meta charset=""utf-8""/>"
"Meta Tag: <meta content=""width=device-width, initial-scale=1, maximum-scale=5"" name=""viewport""/>"
"Meta Tag: <meta content=""max-image-preview:large"" name=""robots"">
<link href=""//cdnjs.cloudflare.com"" rel=""dns-prefetch""/>
<link href=""//pipdigz.co.uk"" rel=""dns-prefetch""/>
<link href=""//fonts.bunny.net"" rel=""dns-prefetch""/>
<link href=""https://caitlinv3.com/feed/"" rel=""alternate"" title=""CAITLINV3 » Feed"" type=""application/rss+xml""/>
<link href=""https://caitlinv3.com/comments/feed/"" rel=""alternate"" title=""CAITLINV3 » Comments Feed"" type=""application/rss+xml""/>
<!-- This site uses the Google Analytics by ExactMetrics plugin v7.23.1 - Using Analytics tracking - https://www.exactmetrics.com/ -->
<!-- Note: ExactMetrics is not currently configured on this site. The site owner needs to authenticate with Google Analytics in the ExactMetrics settings panel. -->
<!-- No tracking code set -->
<!-- / Google Analytics by ExactMetrics -->
<link href=""https://caitlinv3.com/wp-includes/css/dist/block-library/style.min.css?ver=6.5.4"" id=""wp-block-library-css"" media=""all"" rel=""stylesheet""/>
<style id=""classic-theme-styles-inline-css"">
/*! This file is auto-generated */
.wp-block-button__link{color:#fff;background-color:#32373c;border-radius:9999px;box-shadow:none;text-decoration:none;padding:calc(.667em + 2px) calc(1.333em + 2px);font-size:1.125em}.wp-block-file__button{background:#32373c;color:#fff;text-decoration:none}
</style>
<style id=""global-styles-inline-css"">
body{--wp--preset--color--black: #000000;--wp--preset--color--cyan-bluish-gray: #abb8c3;--wp--preset--color--white: #ffffff;--wp--preset--color--pale-pink: #f78da7;--wp--preset--color--vivid-red: #cf2e2e;--wp--preset--color--luminous-vivid-orange: #ff6900;--wp--preset--color--luminous-vivid-amber: #fcb900;--wp--preset--color--light-green-cyan: #7bdcb5;--wp--preset--color--vivid-green-cyan: #00d084;--wp--preset--color--pale-cyan-blue: #8ed1fc;--wp--preset--color--vivid-cyan-blue: #0693e3;--wp--preset--color--vivid-purple: #9b51e0;--wp--preset--gradient--vivid-cyan-blue-to-vivid-purple: linear-gradient(135deg,rgba(6,147,227,1) 0%,rgb(155,81,224) 100%);--wp--preset--gradient--light-green-cyan-to-vivid-green-cyan: linear-gradient(135deg,rgb(122,220,180) 0%,rgb(0,208,130) 100%);--wp--preset--gradient--luminous-vivid-amber-to-luminous-vivid-orange: linear-gradient(135deg,rgba(252,185,0,1) 0%,rgba(255,105,0,1) 100%);--wp--preset--gradient--luminous-vivid-orange-to-vivid-red: linear-gradient(135deg,rgba(255,105,0,1) 0%,rgb(207,46,46) 100%);--wp--preset--gradient--very-light-gray-to-cyan-bluish-gray: linear-gradient(135deg,rgb(238,238,238) 0%,rgb(169,184,195) 100%);--wp--preset--gradient--cool-to-warm-spectrum: linear-gradient(135deg,rgb(74,234,220) 0%,rgb(151,120,209) 20%,rgb(207,42,186) 40%,rgb(238,44,130) 60%,rgb(251,105,98) 80%,rgb(254,248,76) 100%);--wp--preset--gradient--blush-light-purple: linear-gradient(135deg,rgb(255,206,236) 0%,rgb(152,150,240) 100%);--wp--preset--gradient--blush-bordeaux: linear-gradient(135deg,rgb(254,205,165) 0%,rgb(254,45,45) 50%,rgb(107,0,62) 100%);--wp--preset--gradient--luminous-dusk: linear-gradient(135deg,rgb(255,203,112) 0%,rgb(199,81,192) 50%,rgb(65,88,208) 100%);--wp--preset--gradient--pale-ocean: linear-gradient(135deg,rgb(255,245,203) 0%,rgb(182,227,212) 50%,rgb(51,167,181) 100%);--wp--preset--gradient--electric-grass: linear-gradient(135deg,rgb(202,248,128) 0%,rgb(113,206,126) 100%);--wp--preset--gradient--midnight: linear-gradient(135deg,rgb(2,3,129) 0%,rgb(40,116,252) 100%);--wp--preset--font-size--small: 13px;--wp--preset--font-size--medium: 20px;--wp--preset--font-size--large: 36px;--wp--preset--font-size--x-large: 42px;--wp--preset--spacing--20: 0.44rem;--wp--preset--spacing--30: 0.67rem;--wp--preset--spacing--40: 1rem;--wp--preset--spacing--50: 1.5rem;--wp--preset--spacing--60: 2.25rem;--wp--preset--spacing--70: 3.38rem;--wp--preset--spacing--80: 5.06rem;--wp--preset--shadow--natural: 6px 6px 9px rgba(0, 0, 0, 0.2);--wp--preset--shadow--deep: 12px 12px 50px rgba(0, 0, 0, 0.4);--wp--preset--shadow--sharp: 6px 6px 0px rgba(0, 0, 0, 0.2);--wp--preset--shadow--outlined: 6px 6px 0px -3px rgba(255, 255, 255, 1), 6px 6px rgba(0, 0, 0, 1);--wp--preset--shadow--crisp: 6px 6px 0px rgba(0, 0, 0, 1);}:where(.is-layout-flex){gap: 0.5em;}:where(.is-layout-grid){gap: 0.5em;}body .is-layout-flex{display: flex;}body .is-layout-flex{flex-wrap: wrap;align-items: center;}body .is-layout-flex > *{margin: 0;}body .is-layout-grid{display: grid;}body .is-layout-grid > *{margin: 0;}:where(.wp-block-columns.is-layout-flex){gap: 2em;}:where(.wp-block-columns.is-layout-grid){gap: 2em;}:where(.wp-block-post-template.is-layout-flex){gap: 1.25em;}:where(.wp-block-post-template.is-layout-grid){gap: 1.25em;}.has-black-color{color: var(--wp--preset--color--black) !important;}.has-cyan-bluish-gray-color{color: var(--wp--preset--color--cyan-bluish-gray) !important;}.has-white-color{color: var(--wp--preset--color--white) !important;}.has-pale-pink-color{color: var(--wp--preset--color--pale-pink) !important;}.has-vivid-red-color{color: var(--wp--preset--color--vivid-red) !important;}.has-luminous-vivid-orange-color{color: var(--wp--preset--color--luminous-vivid-orange) !important;}.has-luminous-vivid-amber-color{color: var(--wp--preset--color--luminous-vivid-amber) !important;}.has-light-green-cyan-color{color: var(--wp--preset--color--light-green-cyan) !important;}.has-vivid-green-cyan-color{color: var(--wp--preset--color--vivid-green-cyan) !important;}.has-pale-cyan-blue-color{color: var(--wp--preset--color--pale-cyan-blue) !important;}.has-vivid-cyan-blue-color{color: var(--wp--preset--color--vivid-cyan-blue) !important;}.has-vivid-purple-color{color: var(--wp--preset--color--vivid-purple) !important;}.has-black-background-color{background-color: var(--wp--preset--color--black) !important;}.has-cyan-bluish-gray-background-color{background-color: var(--wp--preset--color--cyan-bluish-gray) !important;}.has-white-background-color{background-color: var(--wp--preset--color--white) !important;}.has-pale-pink-background-color{background-color: var(--wp--preset--color--pale-pink) !important;}.has-vivid-red-background-color{background-color: var(--wp--preset--color--vivid-red) !important;}.has-luminous-vivid-orange-background-color{background-color: var(--wp--preset--color--luminous-vivid-orange) !important;}.has-luminous-vivid-amber-background-color{background-color: var(--wp--preset--color--luminous-vivid-amber) !important;}.has-light-green-cyan-background-color{background-color: var(--wp--preset--color--light-green-cyan) !important;}.has-vivid-green-cyan-background-color{background-color: var(--wp--preset--color--vivid-green-cyan) !important;}.has-pale-cyan-blue-background-color{background-color: var(--wp--preset--color--pale-cyan-blue) !important;}.has-vivid-cyan-blue-background-color{background-color: var(--wp--preset--color--vivid-cyan-blue) !important;}.has-vivid-purple-background-color{background-color: var(--wp--preset--color--vivid-purple) !important;}.has-black-border-color{border-color: var(--wp--preset--color--black) !important;}.has-cyan-bluish-gray-border-color{border-color: var(--wp--preset--color--cyan-bluish-gray) !important;}.has-white-border-color{border-color: var(--wp--preset--color--white) !important;}.has-pale-pink-border-color{border-color: var(--wp--preset--color--pale-pink) !important;}.has-vivid-red-border-color{border-color: var(--wp--preset--color--vivid-red) !important;}.has-luminous-vivid-orange-border-color{border-color: var(--wp--preset--color--luminous-vivid-orange) !important;}.has-luminous-vivid-amber-border-color{border-color: var(--wp--preset--color--luminous-vivid-amber) !important;}.has-light-green-cyan-border-color{border-color: var(--wp--preset--color--light-green-cyan) !important;}.has-vivid-green-cyan-border-color{border-color: var(--wp--preset--color--vivid-green-cyan) !important;}.has-pale-cyan-blue-border-color{border-color: var(--wp--preset--color--pale-cyan-blue) !important;}.has-vivid-cyan-blue-border-color{border-color: var(--wp--preset--color--vivid-cyan-blue) !important;}.has-vivid-purple-border-color{border-color: var(--wp--preset--color--vivid-purple) !important;}.has-vivid-cyan-blue-to-vivid-purple-gradient-background{background: var(--wp--preset--gradient--vivid-cyan-blue-to-vivid-purple) !important;}.has-light-green-cyan-to-vivid-green-cyan-gradient-background{background: var(--wp--preset--gradient--light-green-cyan-to-vivid-green-cyan) !important;}.has-luminous-vivid-amber-to-luminous-vivid-orange-gradient-background{background: var(--wp--preset--gradient--luminous-vivid-amber-to-luminous-vivid-orange) !important;}.has-luminous-vivid-orange-to-vivid-red-gradient-background{background: var(--wp--preset--gradient--luminous-vivid-orange-to-vivid-red) !important;}.has-very-light-gray-to-cyan-bluish-gray-gradient-background{background: var(--wp--preset--gradient--very-light-gray-to-cyan-bluish-gray) !important;}.has-cool-to-warm-spectrum-gradient-background{background: var(--wp--preset--gradient--cool-to-warm-spectrum) !important;}.has-blush-light-purple-gradient-background{background: var(--wp--preset--gradient--blush-light-purple) !important;}.has-blush-bordeaux-gradient-background{background: var(--wp--preset--gradient--blush-bordeaux) !important;}.has-luminous-dusk-gradient-background{background: var(--wp--preset--gradient--luminous-dusk) !important;}.has-pale-ocean-gradient-background{background: var(--wp--preset--gradient--pale-ocean) !important;}.has-electric-grass-gradient-background{background: var(--wp--preset--gradient--electric-grass) !important;}.has-midnight-gradient-background{background: var(--wp--preset--gradient--midnight) !important;}.has-small-font-size{font-size: var(--wp--preset--font-size--small) !important;}.has-medium-font-size{font-size: var(--wp--preset--font-size--medium) !important;}.has-large-font-size{font-size: var(--wp--preset--font-size--large) !important;}.has-x-large-font-size{font-size: var(--wp--preset--font-size--x-large) !important;}
.wp-block-navigation a:where(:not(.wp-element-button)){color: inherit;}
:where(.wp-block-post-template.is-layout-flex){gap: 1.25em;}:where(.wp-block-post-template.is-layout-grid){gap: 1.25em;}
:where(.wp-block-columns.is-layout-flex){gap: 2em;}:where(.wp-block-columns.is-layout-grid){gap: 2em;}
.wp-block-pullquote{font-size: 1.5em;line-height: 1.6;}
</style>
<link href=""https://caitlinv3.com/wp-content/plugins/redux-framework/redux-core/assets/css/extendify-utilities.css?ver=4.4.11"" id=""redux-extendify-styles-css"" media=""all"" rel=""stylesheet""/>
<link href=""https://caitlinv3.com/wp-content/plugins/contact-form-7/includes/css/styles.css?ver=5.8.5"" id=""contact-form-7-css"" media=""all"" rel=""stylesheet""/>
<link href=""https://caitlinv3.com/wp-content/plugins/meks-flexible-shortcodes/css/font-awesome/css/font-awesome.min.css?ver=1.3.6"" id=""mks_shortcodes_fntawsm_css-css"" media=""screen"" rel=""stylesheet""/>
<link href=""https://caitlinv3.com/wp-content/plugins/meks-flexible-shortcodes/css/simple-line/simple-line-icons.css?ver=1.3.6"" id=""mks_shortcodes_simple_line_icons-css"" media=""screen"" rel=""stylesheet""/>
<link href=""https://caitlinv3.com/wp-content/plugins/meks-flexible-shortcodes/css/style.css?ver=1.3.6"" id=""mks_shortcodes_css-css"" media=""screen"" rel=""stylesheet""/>
<link href=""https://pipdigz.co.uk/p3/css/core_resp.css"" id=""p3-core-responsive-css"" media=""all"" rel=""stylesheet""/>
<link href=""https://caitlinv3.com/wp-content/themes/pipdig-hollyandweave/style.css?ver=1704311799"" id=""pipdig-style-css"" media=""all"" rel=""stylesheet""/>
<link href=""https://caitlinv3.com/wp-content/themes/pipdig-hollyandweave/css/responsive.css?ver=1704311799"" id=""pipdig-responsive-css"" media=""all"" rel=""stylesheet""/>
<link href=""https://fonts.bunny.net/css?family=Montserrat|Play:400,400i,700,700i|Raleway:400,400i,700,700i"" id=""pipdig-fonts-css"" media=""all"" rel=""stylesheet""/>
<script id=""jquery-core-js"" src=""https://caitlinv3.com/wp-includes/js/jquery/jquery.min.js?ver=3.7.1""></script>
<script id=""jquery-migrate-js"" src=""https://caitlinv3.com/wp-includes/js/jquery/jquery-migrate.min.js?ver=3.4.1""></script>
<link href=""https://caitlinv3.com/wp-json/"" rel=""https://api.w.org/""/><link href=""https://caitlinv3.com/xmlrpc.php?rsd"" rel=""EditURI"" title=""RSD"" type=""application/rsd+xml""/>
<meta content=""WordPress 6.5.4"" name=""generator"">
<meta content=""Redux 4.4.11"" name=""generator""/><!--noptimize--> <!-- Cust --> <style>a {color:#006af4}a:hover{color:#919191}.socialz a, .site-sidebar .socialz a {color:#111}.site-title {letter-spacing: 0; font-family: ""Play""}body {font-family: ""Arial""}h1, h2, h3, h4, h5, h6, .p_post_titles_font, .slide-h2, .holly_large_slider_panel h2, .entry-title,.page-title,.pipdig_p3_related_title a, .entry-content .pipdig_p3_related_posts h3, .pipdig_p3_related_posts h3, .p3_popular_posts_widget h4, .entry-content h2, .entry-content h3, .entry-content h4, .entry-content h5, .entry-content h6, .comment-reply-title {letter-spacing: 0; font-family: ""Raleway""}.entry-content h1, .entry-content h2, .entry-content h3, .entry-content h4, .entry-content h5, .entry-content h6 {letter-spacing: 0; font-family: ""Raleway""}</style> <!-- /Cust --> <!--/noptimize--><meta content=""Elementor 3.18.3; features: e_dom_optimization, e_optimized_assets_loading, additional_custom_breakpoints, block_editor_assets_optimize, e_image_loading_optimization; settings: css_print_method-external, google_font-enabled, font_display-auto"" name=""generator""/>
<link href=""https://caitlinv3.com/wp-content/uploads/2017/10/cropped-logo-solo-e1508803897539-32x32.jpg"" rel=""icon"" sizes=""32x32""/>
<link href=""https://caitlinv3.com/wp-content/uploads/2017/10/cropped-logo-solo-e1508803897539-192x192.jpg"" rel=""icon"" sizes=""192x192""/>
<link href=""https://caitlinv3.com/wp-content/uploads/2017/10/cropped-logo-solo-e1508803897539-180x180.jpg"" rel=""apple-touch-icon""/>
<meta content=""https://caitlinv3.com/wp-content/uploads/2017/10/cropped-logo-solo-e1508803897539-270x270.jpg"" name=""msapplication-TileImage"">
<!-- Shopr 2.6.0 -->
<script>
		var shopr_mosaic_ids = [], shopr_mosaic_filters = [], shopr_columns = 4;
	</script>
</meta></meta></meta>"
"Meta Tag: <meta content=""WordPress 6.5.4"" name=""generator"">
<meta content=""Redux 4.4.11"" name=""generator""/><!--noptimize--> <!-- Cust --> <style>a {color:#006af4}a:hover{color:#919191}.socialz a, .site-sidebar .socialz a {color:#111}.site-title {letter-spacing: 0; font-family: ""Play""}body {font-family: ""Arial""}h1, h2, h3, h4, h5, h6, .p_post_titles_font, .slide-h2, .holly_large_slider_panel h2, .entry-title,.page-title,.pipdig_p3_related_title a, .entry-content .pipdig_p3_related_posts h3, .pipdig_p3_related_posts h3, .p3_popular_posts_widget h4, .entry-content h2, .entry-content h3, .entry-content h4, .entry-content h5, .entry-content h6, .comment-reply-title {letter-spacing: 0; font-family: ""Raleway""}.entry-content h1, .entry-content h2, .entry-content h3, .entry-content h4, .entry-content h5, .entry-content h6 {letter-spacing: 0; font-family: ""Raleway""}</style> <!-- /Cust --> <!--/noptimize--><meta content=""Elementor 3.18.3; features: e_dom_optimization, e_optimized_assets_loading, additional_custom_breakpoints, block_editor_assets_optimize, e_image_loading_optimization; settings: css_print_method-external, google_font-enabled, font_display-auto"" name=""generator""/>
<link href=""https://caitlinv3.com/wp-content/uploads/2017/10/cropped-logo-solo-e1508803897539-32x32.jpg"" rel=""icon"" sizes=""32x32""/>
<link href=""https://caitlinv3.com/wp-content/uploads/2017/10/cropped-logo-solo-e1508803897539-192x192.jpg"" rel=""icon"" sizes=""192x192""/>
<link href=""https://caitlinv3.com/wp-content/uploads/2017/10/cropped-logo-solo-e1508803897539-180x180.jpg"" rel=""apple-touch-icon""/>
<meta content=""https://caitlinv3.com/wp-content/uploads/2017/10/cropped-logo-solo-e1508803897539-270x270.jpg"" name=""msapplication-TileImage"">
<!-- Shopr 2.6.0 -->
<script>
		var shopr_mosaic_ids = [], shopr_mosaic_filters = [], shopr_columns = 4;
	</script>
</meta></meta>"
"Meta Tag: <meta content=""Redux 4.4.11"" name=""generator""/>"
"Meta Tag: <meta content=""Elementor 3.18.3; features: e_dom_optimization, e_optimized_assets_loading, additional_custom_breakpoints, block_editor_assets_optimize, e_image_loading_optimization; settings: css_print_method-external, google_font-enabled, font_display-auto"" name=""generator""/>"
"Meta Tag: <meta content=""https://caitlinv3.com/wp-content/uploads/2017/10/cropped-logo-solo-e1508803897539-270x270.jpg"" name=""msapplication-TileImage"">
<!-- Shopr 2.6.0 -->
<script>
		var shopr_mosaic_ids = [], shopr_mosaic_filters = [], shopr_columns = 4;
	</script>
</meta>"
"Meta Tag: <meta content=""6.0.0 | Holly &amp; Weave (pipdig) | 3.10.3 | 21724f6b12_20625_6660bd27_1717794989 | https://caitlinv3.com"" name=""p3v""/>"
"Header: <h1 class=""site-title"">
<a href=""https://caitlinv3.com/"" rel=""home"" title=""CAITLINV3"">
						CAITLINV3					</a>
</h1>"
Header: <h2>Podcast Favorites</h2>
Header: <h2>52 Books Read in 2019</h2>
Header: <h2>Acrylic CPU Block List</h2>
Header: <h2>Pfsense Router from old gaming PC</h2>
"Header: <h3 style="""">PC/Hardware</h3>"
"Header: <h3 style="""">Security/IT</h3>"
"Header: <h3 style="""">Books</h3>"
"Header: <h2 class=""entry-title p_post_titles_font""><a href=""https://caitlinv3.com/2021-2/"" rel=""bookmark"">2021</a></h2>"
"Header: <h2 class=""entry-title p_post_titles_font""><a href=""https://caitlinv3.com/security-books/"" rel=""bookmark"">Security Books</a></h2>"
"Header: <h2 class=""entry-title p_post_titles_font""><a href=""https://caitlinv3.com/favorite-security-resources/"" rel=""bookmark"">Favorite Security Resources</a></h2>"
"Header: <h2 class=""entry-title p_post_titles_font""><a href=""https://caitlinv3.com/podcast-favorites/"" rel=""bookmark"">Podcast Favorites</a></h2>"
"Header: <h2 class=""entry-title p_post_titles_font""><a href=""https://caitlinv3.com/52-books-read-in-2019/"" rel=""bookmark"">52 Books Read in 2019</a></h2>"
"Header: <h2 class=""entry-title p_post_titles_font""><a href=""https://caitlinv3.com/12-4-19/"" rel=""bookmark"">12/4/19</a></h2>"
"Header: <h2 class=""entry-title p_post_titles_font""><a href=""https://caitlinv3.com/acrylic-cpu-block-list/"" rel=""bookmark"">Acrylic CPU Block List</a></h2>"
"Header: <h3 class=""widget-title""><span>Hi!</span></h3>"
"Header: <h3 class=""widget-title""><span>Categories</span></h3>"
"Header: <h3 class=""widget-title""><span>Archives</span></h3>"
Email: info@caitlinv3.com
Email: caitlinvthree@gmail.com
Email: info@caitlinv3.com
"Form: action=https://caitlinv3.com/, method=get, inputs=['s']"
"Form: action=https://caitlinv3.com, method=get, inputs=[]"
"Form: action=https://caitlinv3.com/, method=get, inputs=['s']"
"Form: action=https://caitlinv3.com/, method=get, inputs=['s']"
JavaScript File: https://caitlinv3.com/wp-includes/js/jquery/jquery.min.js?ver=3.7.1
JavaScript File: https://caitlinv3.com/wp-includes/js/jquery/jquery-migrate.min.js?ver=3.4.1
JavaScript File: https://caitlinv3.com/wp-content/plugins/contact-form-7/includes/swv/js/index.js?ver=5.8.5
JavaScript File: https://caitlinv3.com/wp-content/plugins/contact-form-7/includes/js/index.js?ver=5.8.5
JavaScript File: https://caitlinv3.com/wp-content/plugins/meks-flexible-shortcodes/js/main.js?ver=1
JavaScript File: https://cdnjs.cloudflare.com/ajax/libs/fitvids/1.2.0/jquery.fitvids.min.js
JavaScript File: https://cdnjs.cloudflare.com/ajax/libs/jquery.cycle2/20140415/jquery.cycle2.min.js
JavaScript File: https://cdnjs.cloudflare.com/ajax/libs/SlickNav/1.0.10/jquery.slicknav.min.js
JavaScript File: https://caitlinv3.com/wp-content/themes/pipdig-hollyandweave/scripts.js
JavaScript File: https://caitlinv3.com/wp-content/plugins/elementor/assets/js/webpack.runtime.min.js?ver=3.18.3
JavaScript File: https://caitlinv3.com/wp-content/plugins/elementor/assets/js/frontend-modules.min.js?ver=3.18.3
JavaScript File: https://caitlinv3.com/wp-content/plugins/elementor/assets/lib/waypoints/waypoints.min.js?ver=4.0.2
JavaScript File: https://caitlinv3.com/wp-includes/js/jquery/ui/core.min.js?ver=1.13.2
JavaScript File: https://caitlinv3.com/wp-content/plugins/elementor/assets/js/frontend.min.js?ver=3.18.3
"Date: Fri, 07 Jun 2024 21:16:27 GMT"
Server: Apache
"Link: <https://caitlinv3.com/wp-json/>; rel=""https://api.w.org/"""
"Upgrade: h2,h2c"
"Connection: Upgrade, Keep-Alive"
Vary: Accept-Encoding
Content-Encoding: gzip
Accept-Ranges: none
"Keep-Alive: timeout=5, max=75"
Transfer-Encoding: chunked
Content-Type: text/html; charset=UTF-8
Server: Apache
CMS: WordPress
